atomic_id,domain,atomic_subtopic,papers,assessment_modes,template_family,recommended_hooks,base_sequence,recommended_asset_formats,personalized_delta_slots,attention_design_hypothesis,base_content_contract,evidence_status
LA-01,Linear Algebra,Matrix algebra and operations,CS|CE|EE|ME|XE-A,MCQ|MSQ|NAT,matrix,Shape-before-arithmetic|Transformation intuition,hook|visual_shape|operation_rule|worked_matrix|dimension_or_invariant_check|recall_prompt|mode_variant,matrix_animation|dimension_overlay|mcq_msq_nat_variants,notation_repair|dimension_check|calculation_drill|mode_variant,"Use the first hook and the shortest concrete example that exposes the atomic idea; validate retention, transfer and time-to-method against alternatives.",Stable explanation valid for the topic scope; personalized content attaches through anchor IDs and must not duplicate or silently contradict the base.,design hypothesis requiring learner and outcome validation
LA-02,Linear Algebra,Determinants and determinant properties,CS|CE|EE|ME|XE-A,MCQ|MSQ|NAT,matrix,Shape-before-arithmetic|Transformation intuition,hook|visual_shape|operation_rule|worked_matrix|dimension_or_invariant_check|recall_prompt|mode_variant,matrix_animation|dimension_overlay|mcq_msq_nat_variants,notation_repair|dimension_check|calculation_drill|mode_variant,"Use the first hook and the shortest concrete example that exposes the atomic idea; validate retention, transfer and time-to-method against alternatives.",Stable explanation valid for the topic scope; personalized content attaches through anchor IDs and must not duplicate or silently contradict the base.,design hypothesis requiring learner and outcome validation
LA-03,Linear Algebra,Inverse of a matrix,CS|CE|EE|ME|XE-A,MCQ|MSQ|NAT,matrix,Shape-before-arithmetic|Transformation intuition,hook|visual_shape|operation_rule|worked_matrix|dimension_or_invariant_check|recall_prompt|mode_variant,matrix_animation|dimension_overlay|mcq_msq_nat_variants,notation_repair|dimension_check|calculation_drill|mode_variant,"Use the first hook and the shortest concrete example that exposes the atomic idea; validate retention, transfer and time-to-method against alternatives.",Stable explanation valid for the topic scope; personalized content attaches through anchor IDs and must not duplicate or silently contradict the base.,design hypothesis requiring learner and outcome validation
LA-04,Linear Algebra,Rank of a matrix,CE|EE|ME|XE-A,MCQ|MSQ|NAT,matrix,Shape-before-arithmetic|Transformation intuition,hook|visual_shape|operation_rule|worked_matrix|dimension_or_invariant_check|recall_prompt|mode_variant,matrix_animation|dimension_overlay|mcq_msq_nat_variants,notation_repair|dimension_check|calculation_drill|mode_variant,"Use the first hook and the shortest concrete example that exposes the atomic idea; validate retention, transfer and time-to-method against alternatives.",Stable explanation valid for the topic scope; personalized content attaches through anchor IDs and must not duplicate or silently contradict the base.,design hypothesis requiring learner and outcome validation
LA-05,Linear Algebra,Systems of linear equations,CS|CE|EE|ME|XE-A,MCQ|MSQ|NAT,matrix,Shape-before-arithmetic|Transformation intuition,hook|visual_shape|operation_rule|worked_matrix|dimension_or_invariant_check|recall_prompt|mode_variant,matrix_animation|dimension_overlay|mcq_msq_nat_variants,notation_repair|dimension_check|calculation_drill|mode_variant,"Use the first hook and the shortest concrete example that exposes the atomic idea; validate retention, transfer and time-to-method against alternatives.",Stable explanation valid for the topic scope; personalized content attaches through anchor IDs and must not duplicate or silently contradict the base.,design hypothesis requiring learner and outcome validation
LA-06,Linear Algebra,Eigenvalues,CS|CE|EE|ME|XE-A,MCQ|MSQ|NAT,eigen,Special direction intuition|Transformation that preserves direction,hook|geometric_visual|characteristic_equation|worked_example|independence_or_multiplicity_check|recall_prompt|mode_variant,vector_animation|worked_matrix|misconception_contrast,matrix_repair|geometric_bridge|algebra_drill|mode_variant,"Use the first hook and the shortest concrete example that exposes the atomic idea; validate retention, transfer and time-to-method against alternatives.",Stable explanation valid for the topic scope; personalized content attaches through anchor IDs and must not duplicate or silently contradict the base.,design hypothesis requiring learner and outcome validation
LA-07,Linear Algebra,Eigenvectors,CS|CE|EE|ME|XE-A,MCQ|MSQ|NAT,eigen,Special direction intuition|Transformation that preserves direction,hook|geometric_visual|characteristic_equation|worked_example|independence_or_multiplicity_check|recall_prompt|mode_variant,vector_animation|worked_matrix|misconception_contrast,matrix_repair|geometric_bridge|algebra_drill|mode_variant,"Use the first hook and the shortest concrete example that exposes the atomic idea; validate retention, transfer and time-to-method against alternatives.",Stable explanation valid for the topic scope; personalized content attaches through anchor IDs and must not duplicate or silently contradict the base.,design hypothesis requiring learner and outcome validation
LA-08,Linear Algebra,Symmetric-matrix properties,XE-A and paper-dependent overlap,MCQ|MSQ|NAT,eigen,Special direction intuition|Transformation that preserves direction,hook|geometric_visual|characteristic_equation|worked_example|independence_or_multiplicity_check|recall_prompt|mode_variant,vector_animation|worked_matrix|misconception_contrast,matrix_repair|geometric_bridge|algebra_drill|mode_variant,"Use the first hook and the shortest concrete example that exposes the atomic idea; validate retention, transfer and time-to-method against alternatives.",Stable explanation valid for the topic scope; personalized content attaches through anchor IDs and must not duplicate or silently contradict the base.,design hypothesis requiring learner and outcome validation
LA-09,Linear Algebra,Diagonalization,XE-A; related in CS/branch contexts,MCQ|MSQ|NAT,eigen,Special direction intuition|Transformation that preserves direction,hook|geometric_visual|characteristic_equation|worked_example|independence_or_multiplicity_check|recall_prompt|mode_variant,vector_animation|worked_matrix|misconception_contrast,matrix_repair|geometric_bridge|algebra_drill|mode_variant,"Use the first hook and the shortest concrete example that exposes the atomic idea; validate retention, transfer and time-to-method against alternatives.",Stable explanation valid for the topic scope; personalized content attaches through anchor IDs and must not duplicate or silently contradict the base.,design hypothesis requiring learner and outcome validation
LA-10,Linear Algebra,Cayley–Hamilton theorem,XE-A,MCQ|MSQ|NAT,matrix,Shape-before-arithmetic|Transformation intuition,hook|visual_shape|operation_rule|worked_matrix|dimension_or_invariant_check|recall_prompt|mode_variant,matrix_animation|dimension_overlay|mcq_msq_nat_variants,notation_repair|dimension_check|calculation_drill|mode_variant,"Use the first hook and the shortest concrete example that exposes the atomic idea; validate retention, transfer and time-to-method against alternatives.",Stable explanation valid for the topic scope; personalized content attaches through anchor IDs and must not duplicate or silently contradict the base.,design hypothesis requiring learner and outcome validation
LA-11,Linear Algebra,LU decomposition,CS|XE-A and branch-dependent numerical scope,MCQ|MSQ|NAT,matrix,Shape-before-arithmetic|Transformation intuition,hook|visual_shape|operation_rule|worked_matrix|dimension_or_invariant_check|recall_prompt|mode_variant,matrix_animation|dimension_overlay|mcq_msq_nat_variants,notation_repair|dimension_check|calculation_drill|mode_variant,"Use the first hook and the shortest concrete example that exposes the atomic idea; validate retention, transfer and time-to-method against alternatives.",Stable explanation valid for the topic scope; personalized content attaches through anchor IDs and must not duplicate or silently contradict the base.,design hypothesis requiring learner and outcome validation
CA-01,Calculus,Limits,CS|CE|EE|ME|XE-A,MCQ|MSQ|NAT,limit,Prediction before calculation|Graphical intuition,hook|graph_or_table|formal_definition|worked_limit|boundary_contrast|recall_prompt|timed_check,interactive_graph|step_reveal|contrast_question,algebra_repair|representation_shift|edge_case_bridge|timed_variant,"Use the first hook and the shortest concrete example that exposes the atomic idea; validate retention, transfer and time-to-method against alternatives.",Stable explanation valid for the topic scope; personalized content attaches through anchor IDs and must not duplicate or silently contradict the base.,design hypothesis requiring learner and outcome validation
CA-02,Calculus,Indeterminate forms,ME|XE-A and paper-dependent overlap,MCQ|MSQ|NAT,limit,Prediction before calculation|Graphical intuition,hook|graph_or_table|formal_definition|worked_limit|boundary_contrast|recall_prompt|timed_check,interactive_graph|step_reveal|contrast_question,algebra_repair|representation_shift|edge_case_bridge|timed_variant,"Use the first hook and the shortest concrete example that exposes the atomic idea; validate retention, transfer and time-to-method against alternatives.",Stable explanation valid for the topic scope; personalized content attaches through anchor IDs and must not duplicate or silently contradict the base.,design hypothesis requiring learner and outcome validation
CA-03,Calculus,L’Hospital’s rule,XE-A and branch-dependent scope,MCQ|MSQ|NAT,derivative,Rate-of-change intuition|Visual slope,hook|visual_intuition|rule_or_theorem|worked_derivation|sign_or_units_check|recall_prompt|mode_variant,animated_graph|annotated_derivation|micro_question,algebra_repair|function_reading|geometric_intuition|mode_variant,"Use the first hook and the shortest concrete example that exposes the atomic idea; validate retention, transfer and time-to-method against alternatives.",Stable explanation valid for the topic scope; personalized content attaches through anchor IDs and must not duplicate or silently contradict the base.,design hypothesis requiring learner and outcome validation
CA-04,Calculus,Continuity,CS|CE|ME|XE-A,MCQ|MSQ|NAT,limit,Prediction before calculation|Graphical intuition,hook|graph_or_table|formal_definition|worked_limit|boundary_contrast|recall_prompt|timed_check,interactive_graph|step_reveal|contrast_question,algebra_repair|representation_shift|edge_case_bridge|timed_variant,"Use the first hook and the shortest concrete example that exposes the atomic idea; validate retention, transfer and time-to-method against alternatives.",Stable explanation valid for the topic scope; personalized content attaches through anchor IDs and must not duplicate or silently contradict the base.,design hypothesis requiring learner and outcome validation
CA-05,Calculus,Differentiability,CS|CE|ME|XE-A,MCQ|MSQ|NAT,derivative,Rate-of-change intuition|Visual slope,hook|visual_intuition|rule_or_theorem|worked_derivation|sign_or_units_check|recall_prompt|mode_variant,animated_graph|annotated_derivation|micro_question,algebra_repair|function_reading|geometric_intuition|mode_variant,"Use the first hook and the shortest concrete example that exposes the atomic idea; validate retention, transfer and time-to-method against alternatives.",Stable explanation valid for the topic scope; personalized content attaches through anchor IDs and must not duplicate or silently contradict the base.,design hypothesis requiring learner and outcome validation
CA-06,Calculus,Mean value theorems,CS|CE|XE-A,MCQ|MSQ|NAT,derivative,Rate-of-change intuition|Visual slope,hook|visual_intuition|rule_or_theorem|worked_derivation|sign_or_units_check|recall_prompt|mode_variant,animated_graph|annotated_derivation|micro_question,algebra_repair|function_reading|geometric_intuition|mode_variant,"Use the first hook and the shortest concrete example that exposes the atomic idea; validate retention, transfer and time-to-method against alternatives.",Stable explanation valid for the topic scope; personalized content attaches through anchor IDs and must not duplicate or silently contradict the base.,design hypothesis requiring learner and outcome validation
CA-07,Calculus,Maxima and minima of one variable,CS|CE|ME|XE-A,MCQ|MSQ|NAT,derivative,Rate-of-change intuition|Visual slope,hook|visual_intuition|rule_or_theorem|worked_derivation|sign_or_units_check|recall_prompt|mode_variant,animated_graph|annotated_derivation|micro_question,algebra_repair|function_reading|geometric_intuition|mode_variant,"Use the first hook and the shortest concrete example that exposes the atomic idea; validate retention, transfer and time-to-method against alternatives.",Stable explanation valid for the topic scope; personalized content attaches through anchor IDs and must not duplicate or silently contradict the base.,design hypothesis requiring learner and outcome validation
CA-08,Calculus,Taylor theorem and remainder,XE-A and branch-dependent scope,MCQ|MSQ|NAT,derivative,Rate-of-change intuition|Visual slope,hook|visual_intuition|rule_or_theorem|worked_derivation|sign_or_units_check|recall_prompt|mode_variant,animated_graph|annotated_derivation|micro_question,algebra_repair|function_reading|geometric_intuition|mode_variant,"Use the first hook and the shortest concrete example that exposes the atomic idea; validate retention, transfer and time-to-method against alternatives.",Stable explanation valid for the topic scope; personalized content attaches through anchor IDs and must not duplicate or silently contradict the base.,design hypothesis requiring learner and outcome validation
CA-09,Calculus,Taylor series,CS/CE/ME/XE-A in varying depth,MCQ|MSQ|NAT,derivative,Rate-of-change intuition|Visual slope,hook|visual_intuition|rule_or_theorem|worked_derivation|sign_or_units_check|recall_prompt|mode_variant,animated_graph|annotated_derivation|micro_question,algebra_repair|function_reading|geometric_intuition|mode_variant,"Use the first hook and the shortest concrete example that exposes the atomic idea; validate retention, transfer and time-to-method against alternatives.",Stable explanation valid for the topic scope; personalized content attaches through anchor IDs and must not duplicate or silently contradict the base.,design hypothesis requiring learner and outcome validation
CA-10,Calculus,Fundamental theorem of integral calculus,XE-A and branch-dependent scope,MCQ|MSQ|NAT,integral,Accumulation story|Area or balance intuition,hook|geometric_intuition|rule_or_theorem|worked_example|bounds_or_convergence_check|recall_prompt|timed_check,area_animation|worked_example|answer_entry_check,function_reading|boundary_case|substitution_bridge|timed_variant,"Use the first hook and the shortest concrete example that exposes the atomic idea; validate retention, transfer and time-to-method against alternatives.",Stable explanation valid for the topic scope; personalized content attaches through anchor IDs and must not duplicate or silently contradict the base.,design hypothesis requiring learner and outcome validation
CA-11,Calculus,Definite integrals,CS|CE|EE|ME|XE-A,MCQ|MSQ|NAT,integral,Accumulation story|Area or balance intuition,hook|geometric_intuition|rule_or_theorem|worked_example|bounds_or_convergence_check|recall_prompt|timed_check,area_animation|worked_example|answer_entry_check,function_reading|boundary_case|substitution_bridge|timed_variant,"Use the first hook and the shortest concrete example that exposes the atomic idea; validate retention, transfer and time-to-method against alternatives.",Stable explanation valid for the topic scope; personalized content attaches through anchor IDs and must not duplicate or silently contradict the base.,design hypothesis requiring learner and outcome validation
CA-12,Calculus,Improper integrals,CE|EE|ME|XE-A,MCQ|MSQ|NAT,integral,Accumulation story|Area or balance intuition,hook|geometric_intuition|rule_or_theorem|worked_example|bounds_or_convergence_check|recall_prompt|timed_check,area_animation|worked_example|answer_entry_check,function_reading|boundary_case|substitution_bridge|timed_variant,"Use the first hook and the shortest concrete example that exposes the atomic idea; validate retention, transfer and time-to-method against alternatives.",Stable explanation valid for the topic scope; personalized content attaches through anchor IDs and must not duplicate or silently contradict the base.,design hypothesis requiring learner and outcome validation
CA-13,Calculus,Area under curves,CE|ME|XE-A,MCQ|MSQ|NAT,integral,Accumulation story|Area or balance intuition,hook|geometric_intuition|rule_or_theorem|worked_example|bounds_or_convergence_check|recall_prompt|timed_check,area_animation|worked_example|answer_entry_check,function_reading|boundary_case|substitution_bridge|timed_variant,"Use the first hook and the shortest concrete example that exposes the atomic idea; validate retention, transfer and time-to-method against alternatives.",Stable explanation valid for the topic scope; personalized content attaches through anchor IDs and must not duplicate or silently contradict the base.,design hypothesis requiring learner and outcome validation
CA-14,Calculus,Volume of revolution,CE|ME|XE-A,MCQ|MSQ|NAT,integral,Accumulation story|Area or balance intuition,hook|geometric_intuition|rule_or_theorem|worked_example|bounds_or_convergence_check|recall_prompt|timed_check,area_animation|worked_example|answer_entry_check,function_reading|boundary_case|substitution_bridge|timed_variant,"Use the first hook and the shortest concrete example that exposes the atomic idea; validate retention, transfer and time-to-method against alternatives.",Stable explanation valid for the topic scope; personalized content attaches through anchor IDs and must not duplicate or silently contradict the base.,design hypothesis requiring learner and outcome validation
CA-15,Calculus,Limits and continuity of two variables,CE|ME|XE-A,MCQ|MSQ|NAT,limit,Prediction before calculation|Graphical intuition,hook|graph_or_table|formal_definition|worked_limit|boundary_contrast|recall_prompt|timed_check,interactive_graph|step_reveal|contrast_question,algebra_repair|representation_shift|edge_case_bridge|timed_variant,"Use the first hook and the shortest concrete example that exposes the atomic idea; validate retention, transfer and time-to-method against alternatives.",Stable explanation valid for the topic scope; personalized content attaches through anchor IDs and must not duplicate or silently contradict the base.,design hypothesis requiring learner and outcome validation
CA-16,Calculus,Partial derivatives,CE|EE|ME|XE-A,MCQ|MSQ|NAT,derivative,Rate-of-change intuition|Visual slope,hook|visual_intuition|rule_or_theorem|worked_derivation|sign_or_units_check|recall_prompt|mode_variant,animated_graph|annotated_derivation|micro_question,algebra_repair|function_reading|geometric_intuition|mode_variant,"Use the first hook and the shortest concrete example that exposes the atomic idea; validate retention, transfer and time-to-method against alternatives.",Stable explanation valid for the topic scope; personalized content attaches through anchor IDs and must not duplicate or silently contradict the base.,design hypothesis requiring learner and outcome validation
CA-17,Calculus,Total derivative,CE|ME|XE-A,MCQ|MSQ|NAT,derivative,Rate-of-change intuition|Visual slope,hook|visual_intuition|rule_or_theorem|worked_derivation|sign_or_units_check|recall_prompt|mode_variant,animated_graph|annotated_derivation|micro_question,algebra_repair|function_reading|geometric_intuition|mode_variant,"Use the first hook and the shortest concrete example that exposes the atomic idea; validate retention, transfer and time-to-method against alternatives.",Stable explanation valid for the topic scope; personalized content attaches through anchor IDs and must not duplicate or silently contradict the base.,design hypothesis requiring learner and outcome validation
CA-18,Calculus,Directional derivative,CE|EE|ME|XE-A,MCQ|MSQ|NAT,derivative,Rate-of-change intuition|Visual slope,hook|visual_intuition|rule_or_theorem|worked_derivation|sign_or_units_check|recall_prompt|mode_variant,animated_graph|annotated_derivation|micro_question,algebra_repair|function_reading|geometric_intuition|mode_variant,"Use the first hook and the shortest concrete example that exposes the atomic idea; validate retention, transfer and time-to-method against alternatives.",Stable explanation valid for the topic scope; personalized content attaches through anchor IDs and must not duplicate or silently contradict the base.,design hypothesis requiring learner and outcome validation
CA-19,Calculus,"Maxima, minima and saddle points of two variables",CE|ME|XE-A,MCQ|MSQ|NAT,optimization,Decision under a constraint|Visual landscape,hook|visual_landscape|conditions|method_selection|worked_example|second_order_or_boundary_check|recall_prompt,contour_visual|decision_tree|contrast_question,derivative_repair|constraint_translation|method_selection|timed_variant,"Use the first hook and the shortest concrete example that exposes the atomic idea; validate retention, transfer and time-to-method against alternatives.",Stable explanation valid for the topic scope; personalized content attaches through anchor IDs and must not duplicate or silently contradict the base.,design hypothesis requiring learner and outcome validation
CA-20,Calculus,Lagrange multipliers,XE-A and paper-dependent scope,MCQ|MSQ|NAT,optimization,Decision under a constraint|Visual landscape,hook|visual_landscape|conditions|method_selection|worked_example|second_order_or_boundary_check|recall_prompt,contour_visual|decision_tree|contrast_question,derivative_repair|constraint_translation|method_selection|timed_variant,"Use the first hook and the shortest concrete example that exposes the atomic idea; validate retention, transfer and time-to-method against alternatives.",Stable explanation valid for the topic scope; personalized content attaches through anchor IDs and must not duplicate or silently contradict the base.,design hypothesis requiring learner and outcome validation
CA-21,Calculus,Double integrals,CE|ME|XE-A,MCQ|MSQ|NAT,integral,Accumulation story|Area or balance intuition,hook|geometric_intuition|rule_or_theorem|worked_example|bounds_or_convergence_check|recall_prompt|timed_check,area_animation|worked_example|answer_entry_check,function_reading|boundary_case|substitution_bridge|timed_variant,"Use the first hook and the shortest concrete example that exposes the atomic idea; validate retention, transfer and time-to-method against alternatives.",Stable explanation valid for the topic scope; personalized content attaches through anchor IDs and must not duplicate or silently contradict the base.,design hypothesis requiring learner and outcome validation
CA-22,Calculus,Triple integrals,ME and paper-dependent scope,MCQ|MSQ|NAT,integral,Accumulation story|Area or balance intuition,hook|geometric_intuition|rule_or_theorem|worked_example|bounds_or_convergence_check|recall_prompt|timed_check,area_animation|worked_example|answer_entry_check,function_reading|boundary_case|substitution_bridge|timed_variant,"Use the first hook and the shortest concrete example that exposes the atomic idea; validate retention, transfer and time-to-method against alternatives.",Stable explanation valid for the topic scope; personalized content attaches through anchor IDs and must not duplicate or silently contradict the base.,design hypothesis requiring learner and outcome validation
VC-01,Vector Calculus,Vector fields and notation,CE|EE|ME|XE-A,MCQ|MSQ|NAT,vector,Field-line intuition|Local-to-global question,hook|geometric_visual|operator_definition|worked_field|theorem_or_identity_check|recall_prompt|mode_variant,vector_field_plot|operator_overlay|theorem_selector,vector_geometry_repair|partial_derivative_repair|theorem_selection|mode_variant,"Use the first hook and the shortest concrete example that exposes the atomic idea; validate retention, transfer and time-to-method against alternatives.",Stable explanation valid for the topic scope; personalized content attaches through anchor IDs and must not duplicate or silently contradict the base.,design hypothesis requiring learner and outcome validation
VC-02,Vector Calculus,Gradient,CE|EE|ME|XE-A,MCQ|MSQ|NAT,vector,Field-line intuition|Local-to-global question,hook|geometric_visual|operator_definition|worked_field|theorem_or_identity_check|recall_prompt|mode_variant,vector_field_plot|operator_overlay|theorem_selector,vector_geometry_repair|partial_derivative_repair|theorem_selection|mode_variant,"Use the first hook and the shortest concrete example that exposes the atomic idea; validate retention, transfer and time-to-method against alternatives.",Stable explanation valid for the topic scope; personalized content attaches through anchor IDs and must not duplicate or silently contradict the base.,design hypothesis requiring learner and outcome validation
VC-03,Vector Calculus,Divergence,CE|EE|ME|XE-A,MCQ|MSQ|NAT,vector,Field-line intuition|Local-to-global question,hook|geometric_visual|operator_definition|worked_field|theorem_or_identity_check|recall_prompt|mode_variant,vector_field_plot|operator_overlay|theorem_selector,vector_geometry_repair|partial_derivative_repair|theorem_selection|mode_variant,"Use the first hook and the shortest concrete example that exposes the atomic idea; validate retention, transfer and time-to-method against alternatives.",Stable explanation valid for the topic scope; personalized content attaches through anchor IDs and must not duplicate or silently contradict the base.,design hypothesis requiring learner and outcome validation
VC-04,Vector Calculus,Curl,CE|EE|ME|XE-A,MCQ|MSQ|NAT,vector,Field-line intuition|Local-to-global question,hook|geometric_visual|operator_definition|worked_field|theorem_or_identity_check|recall_prompt|mode_variant,vector_field_plot|operator_overlay|theorem_selector,vector_geometry_repair|partial_derivative_repair|theorem_selection|mode_variant,"Use the first hook and the shortest concrete example that exposes the atomic idea; validate retention, transfer and time-to-method against alternatives.",Stable explanation valid for the topic scope; personalized content attaches through anchor IDs and must not duplicate or silently contradict the base.,design hypothesis requiring learner and outcome validation
VC-05,Vector Calculus,Vector identities,CE|EE|ME|XE-A,MCQ|MSQ|NAT,vector,Field-line intuition|Local-to-global question,hook|geometric_visual|operator_definition|worked_field|theorem_or_identity_check|recall_prompt|mode_variant,vector_field_plot|operator_overlay|theorem_selector,vector_geometry_repair|partial_derivative_repair|theorem_selection|mode_variant,"Use the first hook and the shortest concrete example that exposes the atomic idea; validate retention, transfer and time-to-method against alternatives.",Stable explanation valid for the topic scope; personalized content attaches through anchor IDs and must not duplicate or silently contradict the base.,design hypothesis requiring learner and outcome validation
VC-06,Vector Calculus,Line integrals,CE|EE|ME|XE-A,MCQ|MSQ|NAT,vector,Field-line intuition|Local-to-global question,hook|geometric_visual|operator_definition|worked_field|theorem_or_identity_check|recall_prompt|mode_variant,vector_field_plot|operator_overlay|theorem_selector,vector_geometry_repair|partial_derivative_repair|theorem_selection|mode_variant,"Use the first hook and the shortest concrete example that exposes the atomic idea; validate retention, transfer and time-to-method against alternatives.",Stable explanation valid for the topic scope; personalized content attaches through anchor IDs and must not duplicate or silently contradict the base.,design hypothesis requiring learner and outcome validation
VC-07,Vector Calculus,Green’s theorem,CE|EE|ME|XE-A,MCQ|MSQ|NAT,vector,Field-line intuition|Local-to-global question,hook|geometric_visual|operator_definition|worked_field|theorem_or_identity_check|recall_prompt|mode_variant,vector_field_plot|operator_overlay|theorem_selector,vector_geometry_repair|partial_derivative_repair|theorem_selection|mode_variant,"Use the first hook and the shortest concrete example that exposes the atomic idea; validate retention, transfer and time-to-method against alternatives.",Stable explanation valid for the topic scope; personalized content attaches through anchor IDs and must not duplicate or silently contradict the base.,design hypothesis requiring learner and outcome validation
VC-08,Vector Calculus,Surface and volume integrals,CE|EE|ME|XE-A,MCQ|MSQ|NAT,vector,Field-line intuition|Local-to-global question,hook|geometric_visual|operator_definition|worked_field|theorem_or_identity_check|recall_prompt|mode_variant,vector_field_plot|operator_overlay|theorem_selector,vector_geometry_repair|partial_derivative_repair|theorem_selection|mode_variant,"Use the first hook and the shortest concrete example that exposes the atomic idea; validate retention, transfer and time-to-method against alternatives.",Stable explanation valid for the topic scope; personalized content attaches through anchor IDs and must not duplicate or silently contradict the base.,design hypothesis requiring learner and outcome validation
VC-09,Vector Calculus,Stokes’ theorem,EE|ME|XE-A and branch-dependent scope,MCQ|MSQ|NAT,vector,Field-line intuition|Local-to-global question,hook|geometric_visual|operator_definition|worked_field|theorem_or_identity_check|recall_prompt|mode_variant,vector_field_plot|operator_overlay|theorem_selector,vector_geometry_repair|partial_derivative_repair|theorem_selection|mode_variant,"Use the first hook and the shortest concrete example that exposes the atomic idea; validate retention, transfer and time-to-method against alternatives.",Stable explanation valid for the topic scope; personalized content attaches through anchor IDs and must not duplicate or silently contradict the base.,design hypothesis requiring learner and outcome validation
VC-10,Vector Calculus,Gauss/divergence theorem,EE|ME|XE-A and branch-dependent scope,MCQ|MSQ|NAT,vector,Field-line intuition|Local-to-global question,hook|geometric_visual|operator_definition|worked_field|theorem_or_identity_check|recall_prompt|mode_variant,vector_field_plot|operator_overlay|theorem_selector,vector_geometry_repair|partial_derivative_repair|theorem_selection|mode_variant,"Use the first hook and the shortest concrete example that exposes the atomic idea; validate retention, transfer and time-to-method against alternatives.",Stable explanation valid for the topic scope; personalized content attaches through anchor IDs and must not duplicate or silently contradict the base.,design hypothesis requiring learner and outcome validation
VC-11,Vector Calculus,Theorem selection across Green/Stokes/Gauss,CE|EE|ME|XE-A,MCQ|MSQ|NAT,vector,Field-line intuition|Local-to-global question,hook|geometric_visual|operator_definition|worked_field|theorem_or_identity_check|recall_prompt|mode_variant,vector_field_plot|operator_overlay|theorem_selector,vector_geometry_repair|partial_derivative_repair|theorem_selection|mode_variant,"Use the first hook and the shortest concrete example that exposes the atomic idea; validate retention, transfer and time-to-method against alternatives.",Stable explanation valid for the topic scope; personalized content attaches through anchor IDs and must not duplicate or silently contradict the base.,design hypothesis requiring learner and outcome validation
DE-01,Ordinary Differential Equations,First-order linear equations,CE|EE|ME|XE-A,MCQ|MSQ|NAT,ode,System evolution story|Recognize the equation form,hook|equation_classification|method_decision_tree|step_by_step_solution|initial_or_boundary_check|recall_prompt|timed_check,decision_tree|solution_animation|residual_check,integration_repair|form_recognition|condition_placement|timed_variant,"Use the first hook and the shortest concrete example that exposes the atomic idea; validate retention, transfer and time-to-method against alternatives.",Stable explanation valid for the topic scope; personalized content attaches through anchor IDs and must not duplicate or silently contradict the base.,design hypothesis requiring learner and outcome validation
DE-02,Ordinary Differential Equations,First-order separable/nonlinear equations,CE|EE|ME|XE-A,MCQ|MSQ|NAT,ode,System evolution story|Recognize the equation form,hook|equation_classification|method_decision_tree|step_by_step_solution|initial_or_boundary_check|recall_prompt|timed_check,decision_tree|solution_animation|residual_check,integration_repair|form_recognition|condition_placement|timed_variant,"Use the first hook and the shortest concrete example that exposes the atomic idea; validate retention, transfer and time-to-method against alternatives.",Stable explanation valid for the topic scope; personalized content attaches through anchor IDs and must not duplicate or silently contradict the base.,design hypothesis requiring learner and outcome validation
DE-03,Ordinary Differential Equations,Exact equations,Branch-dependent|especially XE-A/engineering papers,MCQ|MSQ|NAT,ode,System evolution story|Recognize the equation form,hook|equation_classification|method_decision_tree|step_by_step_solution|initial_or_boundary_check|recall_prompt|timed_check,decision_tree|solution_animation|residual_check,integration_repair|form_recognition|condition_placement|timed_variant,"Use the first hook and the shortest concrete example that exposes the atomic idea; validate retention, transfer and time-to-method against alternatives.",Stable explanation valid for the topic scope; personalized content attaches through anchor IDs and must not duplicate or silently contradict the base.,design hypothesis requiring learner and outcome validation
DE-04,Ordinary Differential Equations,Homogeneous first-order equations,Branch-dependent,MCQ|MSQ|NAT,ode,System evolution story|Recognize the equation form,hook|equation_classification|method_decision_tree|step_by_step_solution|initial_or_boundary_check|recall_prompt|timed_check,decision_tree|solution_animation|residual_check,integration_repair|form_recognition|condition_placement|timed_variant,"Use the first hook and the shortest concrete example that exposes the atomic idea; validate retention, transfer and time-to-method against alternatives.",Stable explanation valid for the topic scope; personalized content attaches through anchor IDs and must not duplicate or silently contradict the base.,design hypothesis requiring learner and outcome validation
DE-05,Ordinary Differential Equations,Higher-order constant-coefficient equations,CE|EE|ME|XE-A,MCQ|MSQ|NAT,ode,System evolution story|Recognize the equation form,hook|equation_classification|method_decision_tree|step_by_step_solution|initial_or_boundary_check|recall_prompt|timed_check,decision_tree|solution_animation|residual_check,integration_repair|form_recognition|condition_placement|timed_variant,"Use the first hook and the shortest concrete example that exposes the atomic idea; validate retention, transfer and time-to-method against alternatives.",Stable explanation valid for the topic scope; personalized content attaches through anchor IDs and must not duplicate or silently contradict the base.,design hypothesis requiring learner and outcome validation
DE-06,Ordinary Differential Equations,Cauchy–Euler equations,XE-A|EE/ME overlap by wording,MCQ|MSQ|NAT,ode,System evolution story|Recognize the equation form,hook|equation_classification|method_decision_tree|step_by_step_solution|initial_or_boundary_check|recall_prompt|timed_check,decision_tree|solution_animation|residual_check,integration_repair|form_recognition|condition_placement|timed_variant,"Use the first hook and the shortest concrete example that exposes the atomic idea; validate retention, transfer and time-to-method against alternatives.",Stable explanation valid for the topic scope; personalized content attaches through anchor IDs and must not duplicate or silently contradict the base.,design hypothesis requiring learner and outcome validation
DE-07,Ordinary Differential Equations,Variable-coefficient linear equations,XE-A,MCQ|MSQ|NAT,ode,System evolution story|Recognize the equation form,hook|equation_classification|method_decision_tree|step_by_step_solution|initial_or_boundary_check|recall_prompt|timed_check,decision_tree|solution_animation|residual_check,integration_repair|form_recognition|condition_placement|timed_variant,"Use the first hook and the shortest concrete example that exposes the atomic idea; validate retention, transfer and time-to-method against alternatives.",Stable explanation valid for the topic scope; personalized content attaches through anchor IDs and must not duplicate or silently contradict the base.,design hypothesis requiring learner and outcome validation
DE-08,Ordinary Differential Equations,Initial-value problems,CE|EE|ME|XE-A,MCQ|MSQ|NAT,ode,System evolution story|Recognize the equation form,hook|equation_classification|method_decision_tree|step_by_step_solution|initial_or_boundary_check|recall_prompt|timed_check,decision_tree|solution_animation|residual_check,integration_repair|form_recognition|condition_placement|timed_variant,"Use the first hook and the shortest concrete example that exposes the atomic idea; validate retention, transfer and time-to-method against alternatives.",Stable explanation valid for the topic scope; personalized content attaches through anchor IDs and must not duplicate or silently contradict the base.,design hypothesis requiring learner and outcome validation
DE-09,Ordinary Differential Equations,Boundary-value problems,CE|EE|ME|XE-A,MCQ|MSQ|NAT,ode,System evolution story|Recognize the equation form,hook|equation_classification|method_decision_tree|step_by_step_solution|initial_or_boundary_check|recall_prompt|timed_check,decision_tree|solution_animation|residual_check,integration_repair|form_recognition|condition_placement|timed_variant,"Use the first hook and the shortest concrete example that exposes the atomic idea; validate retention, transfer and time-to-method against alternatives.",Stable explanation valid for the topic scope; personalized content attaches through anchor IDs and must not duplicate or silently contradict the base.,design hypothesis requiring learner and outcome validation
DE-10,Ordinary Differential Equations,Wronskian,XE-A,MCQ|MSQ|NAT,ode,System evolution story|Recognize the equation form,hook|equation_classification|method_decision_tree|step_by_step_solution|initial_or_boundary_check|recall_prompt|timed_check,decision_tree|solution_animation|residual_check,integration_repair|form_recognition|condition_placement|timed_variant,"Use the first hook and the shortest concrete example that exposes the atomic idea; validate retention, transfer and time-to-method against alternatives.",Stable explanation valid for the topic scope; personalized content attaches through anchor IDs and must not duplicate or silently contradict the base.,design hypothesis requiring learner and outcome validation
DE-11,Ordinary Differential Equations,Variation of parameters,XE-A and branch-dependent scope,MCQ|MSQ|NAT,ode,System evolution story|Recognize the equation form,hook|equation_classification|method_decision_tree|step_by_step_solution|initial_or_boundary_check|recall_prompt|timed_check,decision_tree|solution_animation|residual_check,integration_repair|form_recognition|condition_placement|timed_variant,"Use the first hook and the shortest concrete example that exposes the atomic idea; validate retention, transfer and time-to-method against alternatives.",Stable explanation valid for the topic scope; personalized content attaches through anchor IDs and must not duplicate or silently contradict the base.,design hypothesis requiring learner and outcome validation
DE-12,Ordinary Differential Equations,Eigenvalue problems for second-order equations,XE-A,MCQ|MSQ|NAT,ode,System evolution story|Recognize the equation form,hook|equation_classification|method_decision_tree|step_by_step_solution|initial_or_boundary_check|recall_prompt|timed_check,decision_tree|solution_animation|residual_check,integration_repair|form_recognition|condition_placement|timed_variant,"Use the first hook and the shortest concrete example that exposes the atomic idea; validate retention, transfer and time-to-method against alternatives.",Stable explanation valid for the topic scope; personalized content attaches through anchor IDs and must not duplicate or silently contradict the base.,design hypothesis requiring learner and outcome validation
DE-13,Ordinary Differential Equations,Power-series solutions at ordinary points,XE-A,MCQ|MSQ|NAT,ode,System evolution story|Recognize the equation form,hook|equation_classification|method_decision_tree|step_by_step_solution|initial_or_boundary_check|recall_prompt|timed_check,decision_tree|solution_animation|residual_check,integration_repair|form_recognition|condition_placement|timed_variant,"Use the first hook and the shortest concrete example that exposes the atomic idea; validate retention, transfer and time-to-method against alternatives.",Stable explanation valid for the topic scope; personalized content attaches through anchor IDs and must not duplicate or silently contradict the base.,design hypothesis requiring learner and outcome validation
DE-14,Ordinary Differential Equations,Laplace transforms in ODE solution,ME and branch-dependent scope,MCQ|MSQ|NAT,ode,System evolution story|Recognize the equation form,hook|equation_classification|method_decision_tree|step_by_step_solution|initial_or_boundary_check|recall_prompt|timed_check,decision_tree|solution_animation|residual_check,integration_repair|form_recognition|condition_placement|timed_variant,"Use the first hook and the shortest concrete example that exposes the atomic idea; validate retention, transfer and time-to-method against alternatives.",Stable explanation valid for the topic scope; personalized content attaches through anchor IDs and must not duplicate or silently contradict the base.,design hypothesis requiring learner and outcome validation
PD-01,Partial Differential Equations,Classification of second-order linear PDEs,XE-A,MCQ|MSQ|NAT,pde,"Heat, wave or field story|Boundary-condition puzzle",hook|physical_or_geometric_intuition|classification|separation_or_series_steps|boundary_compatibility_check|recall_prompt|mode_variant,field_animation|boundary_visual|worked_solution,multivariable_repair|ode_repair|boundary_bridge|representation_shift,"Use the first hook and the shortest concrete example that exposes the atomic idea; validate retention, transfer and time-to-method against alternatives.",Stable explanation valid for the topic scope; personalized content attaches through anchor IDs and must not duplicate or silently contradict the base.,design hypothesis requiring learner and outcome validation
PD-02,Partial Differential Equations,Separation of variables,CE|EE|ME|XE-A,MCQ|MSQ|NAT,pde,"Heat, wave or field story|Boundary-condition puzzle",hook|physical_or_geometric_intuition|classification|separation_or_series_steps|boundary_compatibility_check|recall_prompt|mode_variant,field_animation|boundary_visual|worked_solution,multivariable_repair|ode_repair|boundary_bridge|representation_shift,"Use the first hook and the shortest concrete example that exposes the atomic idea; validate retention, transfer and time-to-method against alternatives.",Stable explanation valid for the topic scope; personalized content attaches through anchor IDs and must not duplicate or silently contradict the base.,design hypothesis requiring learner and outcome validation
PD-03,Partial Differential Equations,One-dimensional heat/diffusion equation,CE|XE-A and ME overlap,MCQ|MSQ|NAT,pde,"Heat, wave or field story|Boundary-condition puzzle",hook|physical_or_geometric_intuition|classification|separation_or_series_steps|boundary_compatibility_check|recall_prompt|mode_variant,field_animation|boundary_visual|worked_solution,multivariable_repair|ode_repair|boundary_bridge|representation_shift,"Use the first hook and the shortest concrete example that exposes the atomic idea; validate retention, transfer and time-to-method against alternatives.",Stable explanation valid for the topic scope; personalized content attaches through anchor IDs and must not duplicate or silently contradict the base.,design hypothesis requiring learner and outcome validation
PD-04,Partial Differential Equations,One-dimensional wave equation,CE and ME,MCQ|MSQ|NAT,pde,"Heat, wave or field story|Boundary-condition puzzle",hook|physical_or_geometric_intuition|classification|separation_or_series_steps|boundary_compatibility_check|recall_prompt|mode_variant,field_animation|boundary_visual|worked_solution,multivariable_repair|ode_repair|boundary_bridge|representation_shift,"Use the first hook and the shortest concrete example that exposes the atomic idea; validate retention, transfer and time-to-method against alternatives.",Stable explanation valid for the topic scope; personalized content attaches through anchor IDs and must not duplicate or silently contradict the base.,design hypothesis requiring learner and outcome validation
PD-05,Partial Differential Equations,Two-dimensional Laplace equation,CE|ME|XE-A,MCQ|MSQ|NAT,pde,"Heat, wave or field story|Boundary-condition puzzle",hook|physical_or_geometric_intuition|classification|separation_or_series_steps|boundary_compatibility_check|recall_prompt|mode_variant,field_animation|boundary_visual|worked_solution,multivariable_repair|ode_repair|boundary_bridge|representation_shift,"Use the first hook and the shortest concrete example that exposes the atomic idea; validate retention, transfer and time-to-method against alternatives.",Stable explanation valid for the topic scope; personalized content attaches through anchor IDs and must not duplicate or silently contradict the base.,design hypothesis requiring learner and outcome validation
PD-06,Partial Differential Equations,Fourier-series boundary representation,CE|XE-A and branch-dependent scope,MCQ|MSQ|NAT,pde,"Heat, wave or field story|Boundary-condition puzzle",hook|physical_or_geometric_intuition|classification|separation_or_series_steps|boundary_compatibility_check|recall_prompt|mode_variant,field_animation|boundary_visual|worked_solution,multivariable_repair|ode_repair|boundary_bridge|representation_shift,"Use the first hook and the shortest concrete example that exposes the atomic idea; validate retention, transfer and time-to-method against alternatives.",Stable explanation valid for the topic scope; personalized content attaches through anchor IDs and must not duplicate or silently contradict the base.,design hypothesis requiring learner and outcome validation
PD-07,Partial Differential Equations,Initial and boundary condition compatibility,CE|EE|ME|XE-A,MCQ|MSQ|NAT,pde,"Heat, wave or field story|Boundary-condition puzzle",hook|physical_or_geometric_intuition|classification|separation_or_series_steps|boundary_compatibility_check|recall_prompt|mode_variant,field_animation|boundary_visual|worked_solution,multivariable_repair|ode_repair|boundary_bridge|representation_shift,"Use the first hook and the shortest concrete example that exposes the atomic idea; validate retention, transfer and time-to-method against alternatives.",Stable explanation valid for the topic scope; personalized content attaches through anchor IDs and must not duplicate or silently contradict the base.,design hypothesis requiring learner and outcome validation
PD-08,Partial Differential Equations,PDE solution interpretation and verification,CE|ME|XE-A,MCQ|MSQ|NAT,pde,"Heat, wave or field story|Boundary-condition puzzle",hook|physical_or_geometric_intuition|classification|separation_or_series_steps|boundary_compatibility_check|recall_prompt|mode_variant,field_animation|boundary_visual|worked_solution,multivariable_repair|ode_repair|boundary_bridge|representation_shift,"Use the first hook and the shortest concrete example that exposes the atomic idea; validate retention, transfer and time-to-method against alternatives.",Stable explanation valid for the topic scope; personalized content attaches through anchor IDs and must not duplicate or silently contradict the base.,design hypothesis requiring learner and outcome validation
CX-01,Complex Variables,Complex numbers and algebra,EE|ME|XE-A,MCQ|MSQ|NAT,complex,Geometry of a number|Map-and-preserve intuition,hook|argand_or_mapping_visual|formal_condition|worked_complex_example|path_or_singularity_check|recall_prompt|mode_variant,complex_plane_animation|contour_visual|contrast_question,algebra_repair|geometry_bridge|analyticity_check|mode_variant,"Use the first hook and the shortest concrete example that exposes the atomic idea; validate retention, transfer and time-to-method against alternatives.",Stable explanation valid for the topic scope; personalized content attaches through anchor IDs and must not duplicate or silently contradict the base.,design hypothesis requiring learner and outcome validation
CX-02,Complex Variables,Argand plane,EE|ME|XE-A,MCQ|MSQ|NAT,complex,Geometry of a number|Map-and-preserve intuition,hook|argand_or_mapping_visual|formal_condition|worked_complex_example|path_or_singularity_check|recall_prompt|mode_variant,complex_plane_animation|contour_visual|contrast_question,algebra_repair|geometry_bridge|analyticity_check|mode_variant,"Use the first hook and the shortest concrete example that exposes the atomic idea; validate retention, transfer and time-to-method against alternatives.",Stable explanation valid for the topic scope; personalized content attaches through anchor IDs and must not duplicate or silently contradict the base.,design hypothesis requiring learner and outcome validation
CX-03,Complex Variables,Polar/exponential representation,EE|ME|XE-A,MCQ|MSQ|NAT,complex,Geometry of a number|Map-and-preserve intuition,hook|argand_or_mapping_visual|formal_condition|worked_complex_example|path_or_singularity_check|recall_prompt|mode_variant,complex_plane_animation|contour_visual|contrast_question,algebra_repair|geometry_bridge|analyticity_check|mode_variant,"Use the first hook and the shortest concrete example that exposes the atomic idea; validate retention, transfer and time-to-method against alternatives.",Stable explanation valid for the topic scope; personalized content attaches through anchor IDs and must not duplicate or silently contradict the base.,design hypothesis requiring learner and outcome validation
CX-04,Complex Variables,De Moivre’s theorem,XE-A and branch-dependent scope,MCQ|MSQ|NAT,complex,Geometry of a number|Map-and-preserve intuition,hook|argand_or_mapping_visual|formal_condition|worked_complex_example|path_or_singularity_check|recall_prompt|mode_variant,complex_plane_animation|contour_visual|contrast_question,algebra_repair|geometry_bridge|analyticity_check|mode_variant,"Use the first hook and the shortest concrete example that exposes the atomic idea; validate retention, transfer and time-to-method against alternatives.",Stable explanation valid for the topic scope; personalized content attaches through anchor IDs and must not duplicate or silently contradict the base.,design hypothesis requiring learner and outcome validation
CX-05,Complex Variables,Analytic functions,EE|ME|XE-A,MCQ|MSQ|NAT,complex,Geometry of a number|Map-and-preserve intuition,hook|argand_or_mapping_visual|formal_condition|worked_complex_example|path_or_singularity_check|recall_prompt|mode_variant,complex_plane_animation|contour_visual|contrast_question,algebra_repair|geometry_bridge|analyticity_check|mode_variant,"Use the first hook and the shortest concrete example that exposes the atomic idea; validate retention, transfer and time-to-method against alternatives.",Stable explanation valid for the topic scope; personalized content attaches through anchor IDs and must not duplicate or silently contradict the base.,design hypothesis requiring learner and outcome validation
CX-06,Complex Variables,Cauchy–Riemann equations,EE|ME|XE-A,MCQ|MSQ|NAT,complex,Geometry of a number|Map-and-preserve intuition,hook|argand_or_mapping_visual|formal_condition|worked_complex_example|path_or_singularity_check|recall_prompt|mode_variant,complex_plane_animation|contour_visual|contrast_question,algebra_repair|geometry_bridge|analyticity_check|mode_variant,"Use the first hook and the shortest concrete example that exposes the atomic idea; validate retention, transfer and time-to-method against alternatives.",Stable explanation valid for the topic scope; personalized content attaches through anchor IDs and must not duplicate or silently contradict the base.,design hypothesis requiring learner and outcome validation
CX-07,Complex Variables,Cauchy’s integral theorem,EE|ME|XE-A,MCQ|MSQ|NAT,complex,Geometry of a number|Map-and-preserve intuition,hook|argand_or_mapping_visual|formal_condition|worked_complex_example|path_or_singularity_check|recall_prompt|mode_variant,complex_plane_animation|contour_visual|contrast_question,algebra_repair|geometry_bridge|analyticity_check|mode_variant,"Use the first hook and the shortest concrete example that exposes the atomic idea; validate retention, transfer and time-to-method against alternatives.",Stable explanation valid for the topic scope; personalized content attaches through anchor IDs and must not duplicate or silently contradict the base.,design hypothesis requiring learner and outcome validation
CX-08,Complex Variables,Cauchy’s integral formula,EE|ME|XE-A,MCQ|MSQ|NAT,complex,Geometry of a number|Map-and-preserve intuition,hook|argand_or_mapping_visual|formal_condition|worked_complex_example|path_or_singularity_check|recall_prompt|mode_variant,complex_plane_animation|contour_visual|contrast_question,algebra_repair|geometry_bridge|analyticity_check|mode_variant,"Use the first hook and the shortest concrete example that exposes the atomic idea; validate retention, transfer and time-to-method against alternatives.",Stable explanation valid for the topic scope; personalized content attaches through anchor IDs and must not duplicate or silently contradict the base.,design hypothesis requiring learner and outcome validation
CX-09,Complex Variables,Taylor and Laurent series,EE|ME|XE-A,MCQ|MSQ|NAT,complex,Geometry of a number|Map-and-preserve intuition,hook|argand_or_mapping_visual|formal_condition|worked_complex_example|path_or_singularity_check|recall_prompt|mode_variant,complex_plane_animation|contour_visual|contrast_question,algebra_repair|geometry_bridge|analyticity_check|mode_variant,"Use the first hook and the shortest concrete example that exposes the atomic idea; validate retention, transfer and time-to-method against alternatives.",Stable explanation valid for the topic scope; personalized content attaches through anchor IDs and must not duplicate or silently contradict the base.,design hypothesis requiring learner and outcome validation
CX-10,Complex Variables,Residue theorem and contour integrals,EE|ME|XE-A,MCQ|MSQ|NAT,complex,Geometry of a number|Map-and-preserve intuition,hook|argand_or_mapping_visual|formal_condition|worked_complex_example|path_or_singularity_check|recall_prompt|mode_variant,complex_plane_animation|contour_visual|contrast_question,algebra_repair|geometry_bridge|analyticity_check|mode_variant,"Use the first hook and the shortest concrete example that exposes the atomic idea; validate retention, transfer and time-to-method against alternatives.",Stable explanation valid for the topic scope; personalized content attaches through anchor IDs and must not duplicate or silently contradict the base.,design hypothesis requiring learner and outcome validation
PS-01,Probability and Statistics,Probability axioms,CS|CE|EE|ME|XE-A,MCQ|MSQ|NAT,probability,Everyday uncertainty puzzle|Count before calculate,hook|sample_space_visual|definition_or_model|worked_probability|independence_or_condition_check|recall_prompt|mode_variant,tree_diagram|simulation_visual|mcq_msq_nat_variants,set_counting_repair|event_translation|distribution_selection|risk_variant,"Use the first hook and the shortest concrete example that exposes the atomic idea; validate retention, transfer and time-to-method against alternatives.",Stable explanation valid for the topic scope; personalized content attaches through anchor IDs and must not duplicate or silently contradict the base.,design hypothesis requiring learner and outcome validation
PS-02,Probability and Statistics,Counting and event construction,CS and prerequisite for all papers,MCQ|MSQ|NAT,probability,Everyday uncertainty puzzle|Count before calculate,hook|sample_space_visual|definition_or_model|worked_probability|independence_or_condition_check|recall_prompt|mode_variant,tree_diagram|simulation_visual|mcq_msq_nat_variants,set_counting_repair|event_translation|distribution_selection|risk_variant,"Use the first hook and the shortest concrete example that exposes the atomic idea; validate retention, transfer and time-to-method against alternatives.",Stable explanation valid for the topic scope; personalized content attaches through anchor IDs and must not duplicate or silently contradict the base.,design hypothesis requiring learner and outcome validation
PS-03,Probability and Statistics,Conditional probability,CS|CE|EE|ME|XE-A,MCQ|MSQ|NAT,probability,Everyday uncertainty puzzle|Count before calculate,hook|sample_space_visual|definition_or_model|worked_probability|independence_or_condition_check|recall_prompt|mode_variant,tree_diagram|simulation_visual|mcq_msq_nat_variants,set_counting_repair|event_translation|distribution_selection|risk_variant,"Use the first hook and the shortest concrete example that exposes the atomic idea; validate retention, transfer and time-to-method against alternatives.",Stable explanation valid for the topic scope; personalized content attaches through anchor IDs and must not duplicate or silently contradict the base.,design hypothesis requiring learner and outcome validation
PS-04,Probability and Statistics,Bayes’ theorem,CS|CE|EE|ME|XE-A,MCQ|MSQ|NAT,probability,Everyday uncertainty puzzle|Count before calculate,hook|sample_space_visual|definition_or_model|worked_probability|independence_or_condition_check|recall_prompt|mode_variant,tree_diagram|simulation_visual|mcq_msq_nat_variants,set_counting_repair|event_translation|distribution_selection|risk_variant,"Use the first hook and the shortest concrete example that exposes the atomic idea; validate retention, transfer and time-to-method against alternatives.",Stable explanation valid for the topic scope; personalized content attaches through anchor IDs and must not duplicate or silently contradict the base.,design hypothesis requiring learner and outcome validation
PS-05,Probability and Statistics,Random variables,CS|CE|EE|ME|XE-A,MCQ|MSQ|NAT,probability,Everyday uncertainty puzzle|Count before calculate,hook|sample_space_visual|definition_or_model|worked_probability|independence_or_condition_check|recall_prompt|mode_variant,tree_diagram|simulation_visual|mcq_msq_nat_variants,set_counting_repair|event_translation|distribution_selection|risk_variant,"Use the first hook and the shortest concrete example that exposes the atomic idea; validate retention, transfer and time-to-method against alternatives.",Stable explanation valid for the topic scope; personalized content attaches through anchor IDs and must not duplicate or silently contradict the base.,design hypothesis requiring learner and outcome validation
PS-06,Probability and Statistics,Mean/expectation,CS|CE|EE|ME|XE-A,MCQ|MSQ|NAT,probability,Everyday uncertainty puzzle|Count before calculate,hook|sample_space_visual|definition_or_model|worked_probability|independence_or_condition_check|recall_prompt|mode_variant,tree_diagram|simulation_visual|mcq_msq_nat_variants,set_counting_repair|event_translation|distribution_selection|risk_variant,"Use the first hook and the shortest concrete example that exposes the atomic idea; validate retention, transfer and time-to-method against alternatives.",Stable explanation valid for the topic scope; personalized content attaches through anchor IDs and must not duplicate or silently contradict the base.,design hypothesis requiring learner and outcome validation
PS-07,Probability and Statistics,Variance and standard deviation,CS|CE|EE|ME|XE-A,MCQ|MSQ|NAT,probability,Everyday uncertainty puzzle|Count before calculate,hook|sample_space_visual|definition_or_model|worked_probability|independence_or_condition_check|recall_prompt|mode_variant,tree_diagram|simulation_visual|mcq_msq_nat_variants,set_counting_repair|event_translation|distribution_selection|risk_variant,"Use the first hook and the shortest concrete example that exposes the atomic idea; validate retention, transfer and time-to-method against alternatives.",Stable explanation valid for the topic scope; personalized content attaches through anchor IDs and must not duplicate or silently contradict the base.,design hypothesis requiring learner and outcome validation
PS-08,Probability and Statistics,Median and mode,CS|CE|ME|XE-A,MCQ|MSQ|NAT,statistics,Signal hidden in data|Prediction versus association,hook|data_visual|definition_or_model|worked_statistic|interpretation_or_assumption_check|recall_prompt|mode_variant,data_plot|worked_table|interpretation_question,probability_repair|data_reading|assumption_check|mode_variant,"Use the first hook and the shortest concrete example that exposes the atomic idea; validate retention, transfer and time-to-method against alternatives.",Stable explanation valid for the topic scope; personalized content attaches through anchor IDs and must not duplicate or silently contradict the base.,design hypothesis requiring learner and outcome validation
PS-09,Probability and Statistics,Binomial distribution,CS|CE|EE|ME|XE-A,MCQ|MSQ|NAT,probability,Everyday uncertainty puzzle|Count before calculate,hook|sample_space_visual|definition_or_model|worked_probability|independence_or_condition_check|recall_prompt|mode_variant,tree_diagram|simulation_visual|mcq_msq_nat_variants,set_counting_repair|event_translation|distribution_selection|risk_variant,"Use the first hook and the shortest concrete example that exposes the atomic idea; validate retention, transfer and time-to-method against alternatives.",Stable explanation valid for the topic scope; personalized content attaches through anchor IDs and must not duplicate or silently contradict the base.,design hypothesis requiring learner and outcome validation
PS-10,Probability and Statistics,Poisson distribution,CS|CE|EE|ME|XE-A,MCQ|MSQ|NAT,probability,Everyday uncertainty puzzle|Count before calculate,hook|sample_space_visual|definition_or_model|worked_probability|independence_or_condition_check|recall_prompt|mode_variant,tree_diagram|simulation_visual|mcq_msq_nat_variants,set_counting_repair|event_translation|distribution_selection|risk_variant,"Use the first hook and the shortest concrete example that exposes the atomic idea; validate retention, transfer and time-to-method against alternatives.",Stable explanation valid for the topic scope; personalized content attaches through anchor IDs and must not duplicate or silently contradict the base.,design hypothesis requiring learner and outcome validation
PS-11,Probability and Statistics,Normal distribution,CS|CE|EE|ME|XE-A,MCQ|MSQ|NAT,probability,Everyday uncertainty puzzle|Count before calculate,hook|sample_space_visual|definition_or_model|worked_probability|independence_or_condition_check|recall_prompt|mode_variant,tree_diagram|simulation_visual|mcq_msq_nat_variants,set_counting_repair|event_translation|distribution_selection|risk_variant,"Use the first hook and the shortest concrete example that exposes the atomic idea; validate retention, transfer and time-to-method against alternatives.",Stable explanation valid for the topic scope; personalized content attaches through anchor IDs and must not duplicate or silently contradict the base.,design hypothesis requiring learner and outcome validation
PS-12,Probability and Statistics,Sampling theorems,CE|EE|ME|branch-dependent scope,MCQ|MSQ|NAT,statistics,Signal hidden in data|Prediction versus association,hook|data_visual|definition_or_model|worked_statistic|interpretation_or_assumption_check|recall_prompt|mode_variant,data_plot|worked_table|interpretation_question,probability_repair|data_reading|assumption_check|mode_variant,"Use the first hook and the shortest concrete example that exposes the atomic idea; validate retention, transfer and time-to-method against alternatives.",Stable explanation valid for the topic scope; personalized content attaches through anchor IDs and must not duplicate or silently contradict the base.,design hypothesis requiring learner and outcome validation
PS-13,Probability and Statistics,Correlation,EE|CE and branch-dependent scope,MCQ|MSQ|NAT,statistics,Signal hidden in data|Prediction versus association,hook|data_visual|definition_or_model|worked_statistic|interpretation_or_assumption_check|recall_prompt|mode_variant,data_plot|worked_table|interpretation_question,probability_repair|data_reading|assumption_check|mode_variant,"Use the first hook and the shortest concrete example that exposes the atomic idea; validate retention, transfer and time-to-method against alternatives.",Stable explanation valid for the topic scope; personalized content attaches through anchor IDs and must not duplicate or silently contradict the base.,design hypothesis requiring learner and outcome validation
PS-14,Probability and Statistics,Linear regression,CE|EE and branch-dependent scope,MCQ|MSQ|NAT,statistics,Signal hidden in data|Prediction versus association,hook|data_visual|definition_or_model|worked_statistic|interpretation_or_assumption_check|recall_prompt|mode_variant,data_plot|worked_table|interpretation_question,probability_repair|data_reading|assumption_check|mode_variant,"Use the first hook and the shortest concrete example that exposes the atomic idea; validate retention, transfer and time-to-method against alternatives.",Stable explanation valid for the topic scope; personalized content attaches through anchor IDs and must not duplicate or silently contradict the base.,design hypothesis requiring learner and outcome validation
NM-01,Numerical Methods,Numerical error and error analysis,CE and branch-dependent scope,MCQ|MSQ|NAT,numerical,Approximation under constraint|Error budget intuition,hook|error_visual|algorithm_steps|worked_iteration|stability_or_error_check|recall_prompt|timed_check,iteration_animation|error_plot|algorithm_trace,calculus_repair|algorithm_selection|arithmetic_drill|timed_variant,"Use the first hook and the shortest concrete example that exposes the atomic idea; validate retention, transfer and time-to-method against alternatives.",Stable explanation valid for the topic scope; personalized content attaches through anchor IDs and must not duplicate or silently contradict the base.,design hypothesis requiring learner and outcome validation
NM-02,Numerical Methods,Conditioning and stability concepts,Branch-dependent numerical scope,MCQ|MSQ|NAT,numerical,Approximation under constraint|Error budget intuition,hook|error_visual|algorithm_steps|worked_iteration|stability_or_error_check|recall_prompt|timed_check,iteration_animation|error_plot|algorithm_trace,calculus_repair|algorithm_selection|arithmetic_drill|timed_variant,"Use the first hook and the shortest concrete example that exposes the atomic idea; validate retention, transfer and time-to-method against alternatives.",Stable explanation valid for the topic scope; personalized content attaches through anchor IDs and must not duplicate or silently contradict the base.,design hypothesis requiring learner and outcome validation
NM-03,Numerical Methods,Gauss elimination,XE-A and branch-dependent scope,MCQ|MSQ|NAT,numerical,Approximation under constraint|Error budget intuition,hook|error_visual|algorithm_steps|worked_iteration|stability_or_error_check|recall_prompt|timed_check,iteration_animation|error_plot|algorithm_trace,calculus_repair|algorithm_selection|arithmetic_drill|timed_variant,"Use the first hook and the shortest concrete example that exposes the atomic idea; validate retention, transfer and time-to-method against alternatives.",Stable explanation valid for the topic scope; personalized content attaches through anchor IDs and must not duplicate or silently contradict the base.,design hypothesis requiring learner and outcome validation
NM-04,Numerical Methods,LU decomposition,CS|XE-A and branch-dependent scope,MCQ|MSQ|NAT,numerical,Approximation under constraint|Error budget intuition,hook|error_visual|algorithm_steps|worked_iteration|stability_or_error_check|recall_prompt|timed_check,iteration_animation|error_plot|algorithm_trace,calculus_repair|algorithm_selection|arithmetic_drill|timed_variant,"Use the first hook and the shortest concrete example that exposes the atomic idea; validate retention, transfer and time-to-method against alternatives.",Stable explanation valid for the topic scope; personalized content attaches through anchor IDs and must not duplicate or silently contradict the base.,design hypothesis requiring learner and outcome validation
NM-05,Numerical Methods,Lagrange interpolation,CE|XE-A and branch-dependent scope,MCQ|MSQ|NAT,numerical,Approximation under constraint|Error budget intuition,hook|error_visual|algorithm_steps|worked_iteration|stability_or_error_check|recall_prompt|timed_check,iteration_animation|error_plot|algorithm_trace,calculus_repair|algorithm_selection|arithmetic_drill|timed_variant,"Use the first hook and the shortest concrete example that exposes the atomic idea; validate retention, transfer and time-to-method against alternatives.",Stable explanation valid for the topic scope; personalized content attaches through anchor IDs and must not duplicate or silently contradict the base.,design hypothesis requiring learner and outcome validation
NM-06,Numerical Methods,Newton interpolation,XE-A and branch-dependent scope,MCQ|MSQ|NAT,numerical,Approximation under constraint|Error budget intuition,hook|error_visual|algorithm_steps|worked_iteration|stability_or_error_check|recall_prompt|timed_check,iteration_animation|error_plot|algorithm_trace,calculus_repair|algorithm_selection|arithmetic_drill|timed_variant,"Use the first hook and the shortest concrete example that exposes the atomic idea; validate retention, transfer and time-to-method against alternatives.",Stable explanation valid for the topic scope; personalized content attaches through anchor IDs and must not duplicate or silently contradict the base.,design hypothesis requiring learner and outcome validation
NM-07,Numerical Methods,Newton–Raphson method,XE-A and branch-dependent scope,MCQ|MSQ|NAT,numerical,Approximation under constraint|Error budget intuition,hook|error_visual|algorithm_steps|worked_iteration|stability_or_error_check|recall_prompt|timed_check,iteration_animation|error_plot|algorithm_trace,calculus_repair|algorithm_selection|arithmetic_drill|timed_variant,"Use the first hook and the shortest concrete example that exposes the atomic idea; validate retention, transfer and time-to-method against alternatives.",Stable explanation valid for the topic scope; personalized content attaches through anchor IDs and must not duplicate or silently contradict the base.,design hypothesis requiring learner and outcome validation
NM-08,Numerical Methods,Numerical integration: trapezoidal rule,CE|ME|XE-A,MCQ|MSQ|NAT,numerical,Approximation under constraint|Error budget intuition,hook|error_visual|algorithm_steps|worked_iteration|stability_or_error_check|recall_prompt|timed_check,iteration_animation|error_plot|algorithm_trace,calculus_repair|algorithm_selection|arithmetic_drill|timed_variant,"Use the first hook and the shortest concrete example that exposes the atomic idea; validate retention, transfer and time-to-method against alternatives.",Stable explanation valid for the topic scope; personalized content attaches through anchor IDs and must not duplicate or silently contradict the base.,design hypothesis requiring learner and outcome validation
NM-09,Numerical Methods,Numerical integration: Simpson’s rule,CE|ME|XE-A,MCQ|MSQ|NAT,numerical,Approximation under constraint|Error budget intuition,hook|error_visual|algorithm_steps|worked_iteration|stability_or_error_check|recall_prompt|timed_check,iteration_animation|error_plot|algorithm_trace,calculus_repair|algorithm_selection|arithmetic_drill|timed_variant,"Use the first hook and the shortest concrete example that exposes the atomic idea; validate retention, transfer and time-to-method against alternatives.",Stable explanation valid for the topic scope; personalized content attaches through anchor IDs and must not duplicate or silently contradict the base.,design hypothesis requiring learner and outcome validation
NM-10,Numerical Methods,Explicit Euler method,XE-A and branch-dependent scope,MCQ|MSQ|NAT,numerical,Approximation under constraint|Error budget intuition,hook|error_visual|algorithm_steps|worked_iteration|stability_or_error_check|recall_prompt|timed_check,iteration_animation|error_plot|algorithm_trace,calculus_repair|algorithm_selection|arithmetic_drill|timed_variant,"Use the first hook and the shortest concrete example that exposes the atomic idea; validate retention, transfer and time-to-method against alternatives.",Stable explanation valid for the topic scope; personalized content attaches through anchor IDs and must not duplicate or silently contradict the base.,design hypothesis requiring learner and outcome validation
NM-11,Numerical Methods,Single- and multistep ODE methods,CE|ME and branch-dependent scope,MCQ|MSQ|NAT,numerical,Approximation under constraint|Error budget intuition,hook|error_visual|algorithm_steps|worked_iteration|stability_or_error_check|recall_prompt|timed_check,iteration_animation|error_plot|algorithm_trace,calculus_repair|algorithm_selection|arithmetic_drill|timed_variant,"Use the first hook and the shortest concrete example that exposes the atomic idea; validate retention, transfer and time-to-method against alternatives.",Stable explanation valid for the topic scope; personalized content attaches through anchor IDs and must not duplicate or silently contradict the base.,design hypothesis requiring learner and outcome validation
DM-01,Discrete Mathematics for CS,Propositional logic,CS,MCQ|MSQ,discrete,Rule or network puzzle|Small example before abstraction,hook|small_counterexample|formal_definition|worked_structure|property_or_invariant_check|recall_prompt|mode_variant,graph_visual|truth_table_or_lattice|contrast_question,set_logic_repair|representation_shift|counterexample_bridge|mode_variant,"Use the first hook and the shortest concrete example that exposes the atomic idea; validate retention, transfer and time-to-method against alternatives.",Stable explanation valid for the topic scope; personalized content attaches through anchor IDs and must not duplicate or silently contradict the base.,design hypothesis requiring learner and outcome validation
DM-02,Discrete Mathematics for CS,First-order logic,CS,MCQ|MSQ,discrete,Rule or network puzzle|Small example before abstraction,hook|small_counterexample|formal_definition|worked_structure|property_or_invariant_check|recall_prompt|mode_variant,graph_visual|truth_table_or_lattice|contrast_question,set_logic_repair|representation_shift|counterexample_bridge|mode_variant,"Use the first hook and the shortest concrete example that exposes the atomic idea; validate retention, transfer and time-to-method against alternatives.",Stable explanation valid for the topic scope; personalized content attaches through anchor IDs and must not duplicate or silently contradict the base.,design hypothesis requiring learner and outcome validation
DM-03,Discrete Mathematics for CS,Sets,CS,MCQ|MSQ,discrete,Rule or network puzzle|Small example before abstraction,hook|small_counterexample|formal_definition|worked_structure|property_or_invariant_check|recall_prompt|mode_variant,graph_visual|truth_table_or_lattice|contrast_question,set_logic_repair|representation_shift|counterexample_bridge|mode_variant,"Use the first hook and the shortest concrete example that exposes the atomic idea; validate retention, transfer and time-to-method against alternatives.",Stable explanation valid for the topic scope; personalized content attaches through anchor IDs and must not duplicate or silently contradict the base.,design hypothesis requiring learner and outcome validation
DM-04,Discrete Mathematics for CS,Relations,CS,MCQ|MSQ,discrete,Rule or network puzzle|Small example before abstraction,hook|small_counterexample|formal_definition|worked_structure|property_or_invariant_check|recall_prompt|mode_variant,graph_visual|truth_table_or_lattice|contrast_question,set_logic_repair|representation_shift|counterexample_bridge|mode_variant,"Use the first hook and the shortest concrete example that exposes the atomic idea; validate retention, transfer and time-to-method against alternatives.",Stable explanation valid for the topic scope; personalized content attaches through anchor IDs and must not duplicate or silently contradict the base.,design hypothesis requiring learner and outcome validation
DM-05,Discrete Mathematics for CS,Functions,CS,MCQ|MSQ,discrete,Rule or network puzzle|Small example before abstraction,hook|small_counterexample|formal_definition|worked_structure|property_or_invariant_check|recall_prompt|mode_variant,graph_visual|truth_table_or_lattice|contrast_question,set_logic_repair|representation_shift|counterexample_bridge|mode_variant,"Use the first hook and the shortest concrete example that exposes the atomic idea; validate retention, transfer and time-to-method against alternatives.",Stable explanation valid for the topic scope; personalized content attaches through anchor IDs and must not duplicate or silently contradict the base.,design hypothesis requiring learner and outcome validation
DM-06,Discrete Mathematics for CS,Partial orders,CS,MCQ|MSQ,discrete,Rule or network puzzle|Small example before abstraction,hook|small_counterexample|formal_definition|worked_structure|property_or_invariant_check|recall_prompt|mode_variant,graph_visual|truth_table_or_lattice|contrast_question,set_logic_repair|representation_shift|counterexample_bridge|mode_variant,"Use the first hook and the shortest concrete example that exposes the atomic idea; validate retention, transfer and time-to-method against alternatives.",Stable explanation valid for the topic scope; personalized content attaches through anchor IDs and must not duplicate or silently contradict the base.,design hypothesis requiring learner and outcome validation
DM-07,Discrete Mathematics for CS,Lattices,CS,MCQ|MSQ,discrete,Rule or network puzzle|Small example before abstraction,hook|small_counterexample|formal_definition|worked_structure|property_or_invariant_check|recall_prompt|mode_variant,graph_visual|truth_table_or_lattice|contrast_question,set_logic_repair|representation_shift|counterexample_bridge|mode_variant,"Use the first hook and the shortest concrete example that exposes the atomic idea; validate retention, transfer and time-to-method against alternatives.",Stable explanation valid for the topic scope; personalized content attaches through anchor IDs and must not duplicate or silently contradict the base.,design hypothesis requiring learner and outcome validation
DM-08,Discrete Mathematics for CS,Monoids,CS,MCQ|MSQ,discrete,Rule or network puzzle|Small example before abstraction,hook|small_counterexample|formal_definition|worked_structure|property_or_invariant_check|recall_prompt|mode_variant,graph_visual|truth_table_or_lattice|contrast_question,set_logic_repair|representation_shift|counterexample_bridge|mode_variant,"Use the first hook and the shortest concrete example that exposes the atomic idea; validate retention, transfer and time-to-method against alternatives.",Stable explanation valid for the topic scope; personalized content attaches through anchor IDs and must not duplicate or silently contradict the base.,design hypothesis requiring learner and outcome validation
DM-09,Discrete Mathematics for CS,Groups,CS,MCQ|MSQ,discrete,Rule or network puzzle|Small example before abstraction,hook|small_counterexample|formal_definition|worked_structure|property_or_invariant_check|recall_prompt|mode_variant,graph_visual|truth_table_or_lattice|contrast_question,set_logic_repair|representation_shift|counterexample_bridge|mode_variant,"Use the first hook and the shortest concrete example that exposes the atomic idea; validate retention, transfer and time-to-method against alternatives.",Stable explanation valid for the topic scope; personalized content attaches through anchor IDs and must not duplicate or silently contradict the base.,design hypothesis requiring learner and outcome validation
DM-10,Discrete Mathematics for CS,Graph connectivity,CS,MCQ|MSQ,discrete,Rule or network puzzle|Small example before abstraction,hook|small_counterexample|formal_definition|worked_structure|property_or_invariant_check|recall_prompt|mode_variant,graph_visual|truth_table_or_lattice|contrast_question,set_logic_repair|representation_shift|counterexample_bridge|mode_variant,"Use the first hook and the shortest concrete example that exposes the atomic idea; validate retention, transfer and time-to-method against alternatives.",Stable explanation valid for the topic scope; personalized content attaches through anchor IDs and must not duplicate or silently contradict the base.,design hypothesis requiring learner and outcome validation
DM-11,Discrete Mathematics for CS,Matching,CS,MCQ|MSQ,discrete,Rule or network puzzle|Small example before abstraction,hook|small_counterexample|formal_definition|worked_structure|property_or_invariant_check|recall_prompt|mode_variant,graph_visual|truth_table_or_lattice|contrast_question,set_logic_repair|representation_shift|counterexample_bridge|mode_variant,"Use the first hook and the shortest concrete example that exposes the atomic idea; validate retention, transfer and time-to-method against alternatives.",Stable explanation valid for the topic scope; personalized content attaches through anchor IDs and must not duplicate or silently contradict the base.,design hypothesis requiring learner and outcome validation
DM-12,Discrete Mathematics for CS,Graph colouring,CS,MCQ|MSQ,discrete,Rule or network puzzle|Small example before abstraction,hook|small_counterexample|formal_definition|worked_structure|property_or_invariant_check|recall_prompt|mode_variant,graph_visual|truth_table_or_lattice|contrast_question,set_logic_repair|representation_shift|counterexample_bridge|mode_variant,"Use the first hook and the shortest concrete example that exposes the atomic idea; validate retention, transfer and time-to-method against alternatives.",Stable explanation valid for the topic scope; personalized content attaches through anchor IDs and must not duplicate or silently contradict the base.,design hypothesis requiring learner and outcome validation
DM-13,Discrete Mathematics for CS,Counting,CS,MCQ|MSQ,discrete,Rule or network puzzle|Small example before abstraction,hook|small_counterexample|formal_definition|worked_structure|property_or_invariant_check|recall_prompt|mode_variant,graph_visual|truth_table_or_lattice|contrast_question,set_logic_repair|representation_shift|counterexample_bridge|mode_variant,"Use the first hook and the shortest concrete example that exposes the atomic idea; validate retention, transfer and time-to-method against alternatives.",Stable explanation valid for the topic scope; personalized content attaches through anchor IDs and must not duplicate or silently contradict the base.,design hypothesis requiring learner and outcome validation
DM-14,Discrete Mathematics for CS,Recurrence relations,CS,MCQ|MSQ,discrete,Rule or network puzzle|Small example before abstraction,hook|small_counterexample|formal_definition|worked_structure|property_or_invariant_check|recall_prompt|mode_variant,graph_visual|truth_table_or_lattice|contrast_question,set_logic_repair|representation_shift|counterexample_bridge|mode_variant,"Use the first hook and the shortest concrete example that exposes the atomic idea; validate retention, transfer and time-to-method against alternatives.",Stable explanation valid for the topic scope; personalized content attaches through anchor IDs and must not duplicate or silently contradict the base.,design hypothesis requiring learner and outcome validation
DM-15,Discrete Mathematics for CS,Generating functions,CS,MCQ|MSQ,discrete,Rule or network puzzle|Small example before abstraction,hook|small_counterexample|formal_definition|worked_structure|property_or_invariant_check|recall_prompt|mode_variant,graph_visual|truth_table_or_lattice|contrast_question,set_logic_repair|representation_shift|counterexample_bridge|mode_variant,"Use the first hook and the shortest concrete example that exposes the atomic idea; validate retention, transfer and time-to-method against alternatives.",Stable explanation valid for the topic scope; personalized content attaches through anchor IDs and must not duplicate or silently contradict the base.,design hypothesis requiring learner and outcome validation
